i,case_id,FSC_add,FSC_total,I_T,disp_vol,KB,KG,BM,KM,GM,GM_eff,classical_GM_sign,GM_safe,a,r,s,SSB_status
0,MULTI_FSC_LADDER,0.0,0.0,3.6,8.0,0.55,0.9,0.45,1.0,0.09999999999999998,0.09999999999999998,STABLE,0.15,0.6666666666666665,0.3333333333333335,0.23333333333333348,DENY
